{"cameraMode":{"drawMode":0,"name":"Shaded","section":"Shading Mode"},"sceneLighting":true,"audioPlay":false,"sceneViewState":{"m_AlwaysRefresh":false,"showFog":true,"showSkybox":true,"showFlares":true,"showImageEffects":true,"showParticleSystems":true,"showVisualEffectGraphs":true,"m_FxEnabled":true},"in2DMode":false,"pivot":{"x":0.05051468312740326,"y":-0.021039709448814393,"z":-0.025848576799035074},"rotation":{"x":-0.008387153968214989,"y":0.9888574481010437,"z":-0.06119941174983978,"w":-0.1355186253786087},"size":1.9285374879837037,"orthographic":false}